,city,city id,lat,lng,temp,humidity,wind speed,cloudiness
0,Burbure,3029548,50.536629,2.46897,48.63,93,12.75,90
1,Bojnice,3061015,48.785109999999996,18.586399,39.22,55,2.37,0
2,Ilowo -Osada,7534560,53.168079000000006,20.29295,33.5,67,7.63,76
3,Santa Cruz del Quiche,3589404,15.030560000000001,-91.148888,76.29,36,3.15,0
4,Itatskiy,1505383,56.07,89.03694200000001,25.58,81,13.56,56
5,Ponts,3113231,41.916069,1.18515,58.79,50,5.61,32
6,Uinskoye,479442,56.881741000000005,56.581348,21.8,87,4.61,92
7,San Antonio,3670107,9.93303,-74.69345899999999,97.13,46,4.16,8
8,Zidlochovice,3061472,49.03952,16.618810999999997,37.71,74,11.41,0
9,Chateaubriant,3026303,47.716671000000005,-1.38333,53.6,76,8.05,90
10,Chester,4351248,38.975390999999995,-76.28939799999999,44.24,52,6.93,40
11,Dourdan,3020925,48.527721,2.01113,52.48,81,12.75,90
12,Porteirinha,3452956,-15.743329999999998,-43.028332,85.61,49,8.75,0
13,Old Harbour Bay,3489225,17.90918,-77.097183,84.2,62,10.29,20
14,Sankt Wolfgang,2841457,48.216671000000005,12.13333,41.68,70,4.7,0
15,Sainte-Therese,6138121,45.639221,-73.827568,44.01,33,14.99,90
16,Dragomiresti,678924,46.633331,27.35,40.15,80,4.7,90
17,Maroubra,2158651,-33.950001,151.233337,60.4,77,6.93,40
18,Yangzhong,1787230,26.705561,119.374443,54.24,100,1.14,56
19,Lake Erie Beach,5123788,42.624229,-79.066978,39.96,80,13.87,90
20,Agios Athanasios,736621,40.717220000000005,22.72806,55.4,66,1.12,40
21,Ragay,1691941,13.8183,122.79229699999999,74.27,97,9.64,68
22,Jimena de la Frontera,2516315,36.435169,-5.453869999999999,67.01,60,5.82,0
23,Herouville-Saint-Clair,3013403,49.210879999999996,-0.30653,47.59,81,18.34,90
24,Celles-sur-Durolle,3027988,45.857867999999996,3.6353400000000002,52.95,71,8.05,75
25,Sernur,496561,56.933331,49.15361,21.12,91,9.98,92
26,Montagnana,3173110,45.22868,11.4635,53.56,50,4.7,24
27,Volgograd,472757,48.719390999999995,44.501839000000004,39.2,100,13.42,92
28,Masaguisi,1700786,12.75452,121.44841799999999,67.88,92,2.37,44
29,Alrewas,2657432,52.732780000000005,-1.74968,46.96,66,8.05,75
30,Panukulan,1694895,14.933329999999998,121.814438,77.46,98,17.81,32
31,Ticala-an,1682122,8.03528,124.620827,56.22,89,2.59,8
32,Rheda-Wiedenbruck,2847690,51.84967,8.30017,45.07,75,5.82,90
33,Anyama,2292852,5.494619999999999,-4.051830000000001,84.2,83,10.29,40
34,Rivera,3440781,-30.905340000000002,-55.550757999999995,70.89,87,10.98,92
35,Banks,2656388,53.683331,-2.91667,45.97,87,14.99,40
36,Beaver Creek,5713224,45.287898999999996,-122.53563700000001,48.2,93,4.7,90
37,Steenwerck,2973821,50.701988,2.77829,47.52,93,12.75,90
38,Namsos,3145023,64.46624,11.49572,30.6,74,3.36,0
39,Bagahanlad,1729228,12.5797,123.6688,79.17,96,12.1,64
40,Nereju,672301,45.716671000000005,26.716669,34.62,91,3.27,76
41,Vizcachane,3925955,-15.80861,-71.201111,54.2,54,3.15,0
42,Catio,2373526,11.28333,-15.25,87.95,44,6.17,92
43,Essex,4354428,39.309269,-76.47496,43.88,52,4.5,88
44,Peranampattu,1259892,12.93333,78.716667,70.76,77,6.17,0
45,Druzhinino,564878,56.789452000000004,59.514278000000004,26.34,90,2.71,92
46,Szalkszentmarton,3044941,46.975651,19.011779999999998,43.63,56,6.93,0
47,Podhom,3193011,46.400002,14.1,41.65,80,6.93,75
48,Warrenton,941931,-28.11396,24.84753,67.97,37,5.28,0
49,Quitang,1691968,13.5513,123.052902,74.27,97,9.64,68
50,Coatbridge,2652696,55.862159999999996,-4.0246900000000005,43.41,87,10.29,40
51,Gorseinon,2648290,51.669312,-4.0416300000000005,46.42,93,12.75,90
52,Lehtimaki,648554,62.783329,23.91667,21.2,57,2.24,75
53,Windesheim,2808219,49.900002,7.816669999999999,42.8,81,6.93,90
54,Nadezhda,523715,44.099998,44.599998,43.85,90,5.73,0
55,Mindyak,526489,54.023102,58.789101,24.8,68,11.18,40
56,Park Hills,4402479,37.854221,-90.51818100000001,60.8,93,3.36,90
57,Cordun,680831,46.950001,26.866671000000004,40.14,80,4.7,90
58,San Ciro de Acosta,3519570,21.633329,-99.816673,81.06,55,2.15,0
59,Bergeyk,2759132,51.319171999999995,5.3583300000000005,44.2,93,9.17,90
60,La Longueville,3008426,50.289390999999995,3.8567199999999997,46.36,93,12.75,90
61,Schutterwald,2835596,48.450001,7.88333,46.4,81,10.29,90
62,Varkkallai,1253392,8.7341,76.706711,84.2,79,2.24,20
63,Itaquaquecetuba,3460644,-23.486110999999998,-46.348331,81.34,74,3.36,75
64,Sura Mare,665752,45.849998,24.16667,37.4,86,10.29,75
65,Lunao,1705089,8.85028,125.056389,74.76,93,6.06,48
66,Santiago Pinotepa Nacional,3516926,16.316669,-98.01666999999999,88.85,47,5.95,0
67,Kirkliston,2645249,55.95364,-3.40288,45.09,81,12.75,90
68,Pohorelice,3067953,48.981190000000005,16.52445,37.67,74,11.41,0
69,Sindi,1256206,20.799999,78.86666899999999,80.6,24,4.7,0
70,Baishan,2038584,41.943062,126.42861200000002,51.99,68,11.43,32
71,Ixtapa,4004294,17.667820000000003,-101.64164699999999,84.2,62,8.05,5
72,Limours,2998269,48.646252000000004,2.07688,52.32,81,12.75,90
73,Helmstedt,2906676,52.227901,11.00985,44.6,78,8.05,0
74,Balite,1728019,14.9,120.78333300000001,75.78,73,2.24,75
75,Pignataro Interamna,3170719,41.43922,13.78621,52.72,57,2.24,75
76,Summerville,4597919,33.018501,-80.175652,54.19,62,4.72,90
77,Korgan,742658,40.824718,37.346668,47.49,65,1.36,0
78,Sora,3166387,41.715721,13.6141,50.81,57,2.24,75
79,Palmito,3673143,9.33333,-75.550003,93.2,52,3.15,40
80,Nereto,3172311,42.81905,13.81599,51.8,76,2.24,0
81,Yavatmal,1252770,20.4,78.13333100000001,69.81,45,2.93,0
82,Moonachie,5101376,40.841209,-74.04514300000001,43.21,41,4.7,1
83,Moldava nad Bodvou,724111,48.614281,20.999571,41.0,90,11.41,75
84,Bokaro,1275362,23.783331,85.966667,68.51,43,7.18,0
85,Naduvattam,1262284,11.48333,76.566673,65.45,74,1.7,20
86,Ledenice,3072234,48.933289,14.61886,39.17,82,3.49,92
87,Pribrezhnyy,7117224,53.486622,49.85836,30.2,74,11.18,40
88,Redziny,3087256,50.859219,19.2162,32.0,90,3.36,75
89,Lima Duarte,3458591,-21.842501000000002,-43.79306,77.0,57,9.17,75
90,Silongin,1686455,13.29972,122.52139299999999,78.23,100,14.23,8
91,Malapag,1703062,7.13333,124.816673,71.66,87,1.14,8
92,Triebes,2821192,50.683331,12.03333,40.12,69,3.36,0
93,Santa Lucia Milpas Altas,3589285,14.575829999999998,-90.678612,77.0,47,13.87,75
94,Rakitovo,727801,41.98333,24.08333,48.2,100,3.36,68
95,Agueda,2743292,40.577202,-8.44442,55.4,76,13.87,0
96,Tortolita,5317867,32.410351,-111.017319,61.39,25,6.93,1
97,Apison,4602916,35.023959999999995,-85.023842,54.46,62,10.29,90
98,Plagiarion,734564,40.473652,22.958031,55.4,66,1.12,40
99,Montorso Vicentino,3172638,45.490891,11.3602,51.76,50,4.7,36
100,Urussu,478565,54.598122,53.463131000000004,28.64,93,12.44,80
101,Tuxford,2635321,53.230042000000005,-0.89325,47.95,76,10.29,75
102,Sladna,3190652,44.729439,18.42417,42.8,81,2.24,75
103,Riantec,2983730,47.71093,-3.31629,51.01,100,11.41,90
104,La Paz,3442098,-34.761669,-56.22361,73.33,53,8.05,20
105,Mamadysh,529709,55.71524,51.40797,30.2,86,20.13,90
106,San Fernando,1690043,13.5656,123.145302,74.27,97,9.64,68
107,Szombathely,3044310,47.230881,16.62155,42.8,78,6.93,75
108,Cerna Hora,3078085,49.413609,16.5814,37.67,74,11.41,0
109,Osnago,3171844,45.675678000000005,9.39115,56.93,72,6.93,40
110,Haciqabul,585225,40.04084,48.944511,50.96,86,4.38,0
111,Smolino,491660,56.281391000000006,43.03389,24.8,92,8.95,90
112,Ablis,3038756,48.5172,1.83624,52.7,81,12.75,90
113,Porto Calvo,3391397,-9.045,-35.398331,84.2,62,12.75,40
114,Lieskau,2877767,51.5,11.86667,42.8,60,10.29,0
115,Sagard,2842434,54.525558,13.553870000000002,35.21,94,16.91,64
116,Varadero,3534632,23.15361,-81.251389,78.8,57,21.92,40
117,Voskresensk,471656,55.3125,38.663612,24.8,62,6.71,0
118,Gostyn,3098625,51.882469,17.01226,33.8,80,9.17,40
119,Seth Ward,5530469,34.211739,-101.690178,56.39,81,14.99,90
120,Hazel Crest,4895416,41.571701000000004,-87.694489,48.02,100,9.17,90
121,El Galpon,3857974,-25.380689999999998,-64.652588,74.54,45,4.61,8
122,Irshava,707559,48.316669,23.03846,43.81,81,9.17,32
123,Alamosa,5411479,37.469452000000004,-105.87001799999999,27.43,64,11.41,90
124,Malahide,2962725,53.450829000000006,-6.15444,44.6,70,6.93,75
125,East Greenville,5187925,40.406490000000005,-75.501846,43.16,38,4.7,1
126,Buena Vista,4749715,37.734299,-79.35392,37.4,86,5.82,90
127,Tumarbong,1680763,10.37659,119.457901,78.59,100,5.95,0
128,Moses Lake North,7261921,47.194328000000006,-119.31719199999999,56.34,47,11.41,1
129,Piedmont,4547969,35.641998,-97.746429,47.08,100,13.87,90
130,Mariani,1263522,26.66667,94.33332800000001,60.05,84,3.15,0
131,Lapoutroie,3007160,48.153228999999996,7.16696,45.82,81,10.29,90
132,Nustar,3194310,45.3325,18.841391,37.4,93,8.05,0
133,Loucovice,3071532,48.62019,14.257470000000001,39.2,80,4.7,75
134,Florissant,4386802,38.789219,-90.322609,53.31,87,12.75,90
135,Pueblo Nuevo,3991567,20.51667,-101.36666899999999,78.8,26,3.71,5
136,Angleton,4670866,29.169411,-95.431877,77.79,61,11.41,75
137,Eckbolsheim,3020489,48.58075,7.68768,46.4,81,10.29,90
138,Arumuganeri,1278343,8.56667,78.11666899999999,78.81,92,4.72,48
139,Cittiglio,3178611,45.89698,8.66013,57.2,33,3.36,90
140,Highland Lake,5099052,41.176762,-74.456551,43.83,41,4.7,1
141,Sao Mateus,3448519,-18.71611,-39.858891,81.24,85,8.75,44
142,Misantla,3523141,19.933331,-96.83332800000001,84.35,63,4.72,0
143,Ukholovo,479426,53.7929,40.489201,29.94,97,10.09,88
144,Cherepovets,569223,59.133331000000005,37.900002,16.58,76,4.38,68
145,Ust-Katav,478071,54.93694300000001,58.165558,28.01,81,10.65,88
146,Baeza,2521413,37.993839,-3.4710300000000003,58.52,72,1.92,0
147,Hilliard,5157588,40.033401,-83.158249,50.18,93,12.75,90
148,El Estor,3597078,15.53333,-89.349998,76.11,93,2.59,68
149,Easingwold,2650517,54.119099,-1.19225,47.84,70,14.99,20
150,Kozhva,543246,65.10726899999999,57.045898,7.04,69,7.63,44
151,Kilstett,3011458,48.675999,7.854710000000001,46.4,81,10.29,90
152,Narcao,2524024,39.1675,8.675,52.79,66,10.29,20
153,Hindley,2646862,53.533329,-2.58333,45.95,70,10.29,20
154,Ouanani,921654,-12.3375,43.797501000000004,83.81,100,5.73,0
155,Novy Bydzov,3069377,50.241501,15.490820000000001,39.27,78,3.36,40
156,Crosby,4684301,29.911890000000003,-95.062149,80.24,61,11.41,75
157,Freedom,5350678,36.9394,-121.78112800000001,61.86,48,6.93,1
158,Sedkyrkeshch,497971,61.75,50.916672,-0.41,77,2.24,0
159,Aosta,3182997,45.737358,7.3166,38.68,93,3.36,75
160,Pochep,508656,52.933601,33.4464,28.91,92,15.01,88
161,Caxhuacan,3531398,20.066669,-97.599998,77.69,35,1.03,0
162,Celica,3659544,-4.11667,-79.949997,71.03,100,2.37,48
163,Lesznowola,766369,52.09095,20.93479,33.8,74,8.05,90
164,Sungailiat,1625958,-1.85,106.13333100000001,79.85,100,6.62,92
165,Herriman,5775782,40.514111,-112.03298999999998,41.9,48,13.87,1
166,Urbiztondo,1680200,15.8227,120.329498,71.34,100,4.94,80
167,Ashland,5063229,41.039162,-96.368347,46.2,61,5.82,1
168,Rietschen,2846806,51.400002,14.78333,38.63,77,3.6,12
169,Warrenton,5759289,46.1651,-123.923759,48.2,100,16.11,90
170,Sanchez,3493198,19.2281,-69.613701,74.26,78,17.22,75
171,Saint-Pierre-sur-Dives,2977411,49.01667,-0.03333,47.59,81,18.34,90
172,Sychevka,485280,55.82515,34.273621,13.47,69,6.06,8
173,Alsterdorf,2958105,53.610828000000005,10.013060000000001,44.6,52,9.17,0
174,Rottingdean,2639069,50.809841,-0.05939,51.84,76,12.75,40
175,Rakovnik,3067051,50.103699,13.7334,38.43,81,4.7,0
176,Fenouillet,3018713,43.680408,1.392,56.39,93,17.22,92
177,Qingyuan,1797945,23.700001,113.03333300000001,68.0,77,2.24,0
178,Grijpskerk,2755317,53.262501,6.308330000000001,43.41,81,5.82,90
179,Placentia,5383527,33.872238,-117.87033799999999,68.2,22,11.65,1
180,Vrutky,3056683,49.113281,18.917139000000002,38.35,74,3.36,75
181,Lazise,3174975,45.499989,10.74078,56.77,50,4.7,36
182,Prundu,669545,44.094719,26.226940000000003,40.96,93,2.24,90
183,Brzesc Kujawski,3102447,52.60531999999999,18.90173,34.76,74,4.61,20
184,Asuncion Nochixtlan,3532656,17.466669,-97.23333000000001,73.1,49,2.93,24
185,Sierning,2765080,48.04343,14.30935,39.2,80,4.7,75
186,Rednitzhembach,2849568,49.300948999999996,11.07997,44.2,75,6.93,0
187,Niemegk,2862640,52.083328,12.7,38.59,64,6.93,75
188,Ivanishchi,555610,55.77417,40.427310999999996,20.63,85,12.33,48
189,Menzelinsk,527529,55.72705799999999,53.10258100000001,30.2,86,20.13,90
190,Karanja,1267853,20.48333,77.48333000000001,69.27,56,1.81,0
191,Ammon,5583997,43.469639,-111.966637,38.21,48,16.11,40
192,Seymour,4408117,37.146439,-92.768784,50.0,93,12.75,90
193,Syrskoye,485153,52.57436,39.496601,28.46,94,2.71,92
194,Algemesi,2522012,39.183331,-0.43333,68.0,40,3.36,0
195,Archi,3182915,42.089939,14.38122,51.8,76,2.24,0
196,Reo,2356228,12.31667,-2.46667,94.92,17,7.18,8
197,Gornau,2918970,50.76667,13.01667,38.79,74,3.36,0
198,Singani,921674,-11.84556,43.30917,77.0,94,2.24,20
199,Darova Noua,679714,45.633331,21.76667,42.8,87,1.12,64
200,Burla,1275050,21.5,83.86666899999999,72.29,46,5.28,0
201,Hillandale,4358066,39.026501,-76.974136,43.81,75,9.17,90
202,Saint-Amarin,2981815,47.873348,7.03193,43.68,81,3.36,90
203,Madridejos,1704127,9.791160000000001,123.346199,78.36,99,10.42,48
204,Pau Brasil,3454743,-15.464170000000001,-39.651112,80.03,77,9.75,68
205,Trnava,3057124,48.377399,17.587231,41.0,85,5.82,75
206,Nozay,2989876,47.564949,-1.62629,53.6,87,12.75,75
207,Ahus,2727363,55.916672,14.28333,28.4,92,12.75,92
208,Borger,2758621,52.923328000000005,6.7930600000000005,43.75,81,5.82,90
209,Mkokotoni,153585,-5.87671,39.254669,82.59,100,5.06,0
210,Victoria,3666075,5.31648,-74.911011,69.8,68,9.17,75
211,Villa Maria Grande,3427399,-31.665649,-59.901821,76.02,56,6.06,36
212,Camandag,1719908,10.33333,123.066673,68.37,91,3.38,8
213,Dorfen,2936103,48.26667,12.15,41.52,70,4.7,0
214,Mercogliano,3173555,40.922119,14.74184,48.29,76,4.7,20
215,General Acha,3855143,-37.376979999999996,-64.604309,80.07,27,15.46,0
216,Newport,5804693,47.571209,-122.180679,48.58,100,20.8,90
217,Friedberg,2924802,50.349998,8.76667,41.52,93,5.82,90
218,Apozol,4018380,21.48333,-103.099998,79.67,21,3.71,0
219,Skarnes,3139244,60.252838,11.679739999999999,20.76,71,2.37,0
220,Viradouro,3444997,-20.87306,-48.29694,89.6,35,5.82,40
221,Villa Juarez,4021449,22.116671,-102.066673,75.2,16,3.36,5
222,Gedinne,2797781,49.98037,4.93674,43.72,93,14.99,90
223,Bad Liebenzell,2953407,48.76667,8.73333,46.4,61,10.29,75
224,Jiangwakou,1806245,39.522498999999996,117.702499,69.8,60,6.71,0
225,Chicama,3698359,-7.84472,-79.14694200000001,69.8,83,8.05,75
226,Rossdorf,2844756,49.859718,8.76167,45.23,93,5.82,90
227,Castiglione Messer Raimondo,3179408,42.532340999999995,13.8787,51.8,76,2.24,0
228,Ganapi,1719433,17.20174,121.865242,65.54,93,3.15,44
229,Lambarene,2399888,-0.7001,10.24055,81.87,80,3.94,44
230,Leticia,3676623,-4.21528,-69.940559,79.7,83,6.93,75
231,Saint-Martin-de-Re,2978361,46.203109999999995,-1.3672600000000001,53.6,93,13.87,90
232,Spantov,666385,44.116669,26.783331,42.8,93,2.24,90
233,Lubasz,3093029,52.85213100000001,16.523439,33.8,80,9.17,40
234,Golden Hills,5352875,35.14246,-118.490356,56.98,20,14.99,1
235,San Pascual,1688800,9.9538,124.428703,77.0,78,1.12,90
236,Nemesnadudvar,3047399,46.3405,19.051149,43.58,72,5.39,76
237,Herradura,3433567,-26.487049,-58.311981,78.8,57,5.82,20
238,Golhisar,314072,37.145901,29.50876,53.79,34,3.49,76
239,Pemangkat,1631637,1.16667,108.96666699999999,74.0,100,1.92,64
240,Emmelshausen,2930528,50.150002,7.566669999999999,41.02,93,16.11,40
241,Svitavy,3064454,49.755939,16.46829,37.4,88,3.36,40
242,Herentals,2796009,51.176552,4.83248,44.82,93,6.93,75
243,Tonyrefail,2635689,51.584019,-3.4304099999999997,45.59,93,12.75,90
244,Ottrau,2855923,50.799999,9.38333,43.63,81,4.7,90
245,Leninskiy,536111,54.278061,37.45583,23.42,89,14.67,92
246,Ruskeala,500502,61.933331,30.58333,11.0,65,8.3,0
247,Bere,2435474,9.3202,16.155199,91.64,40,2.59,0
248,Paderborn,2855745,51.719051,8.754389999999999,44.62,75,5.82,90
249,Skarzysko-Kamienna,759141,51.11311,20.87162,32.64,89,5.17,56
250,Craiova,680332,44.316669,23.799999,41.0,95,6.93,0
251,Bobon,1724519,15.6691,120.38539899999999,77.0,73,2.24,75
252,Syamzha,485351,60.015769999999996,41.06139,15.27,80,5.61,68
253,Balaka,931865,-14.97928,34.95575,71.97,91,6.17,48
254,Stavnsholt,2612710,55.814789000000005,12.40545,31.06,99,13.87,75
255,Lac du Flambeau,5259036,45.969669,-89.89209699999999,35.58,86,9.17,90
256,Saint-Eustache,6138175,45.564999,-73.90554,44.01,33,14.99,90
257,Adelia Maria,3866935,-33.631519,-64.020973,78.8,31,19.46,0
258,San Isidro,3621889,9.3721,-83.703987,83.72,42,0.47,12
259,Jersey City,5099836,40.728161,-74.077637,43.21,41,4.7,1
260,Toledo,5757007,44.62151,-123.93845400000001,48.2,93,12.75,90
261,Palenque,3522164,17.51667,-91.966667,89.12,49,14.23,0
262,Wyoming,5220236,41.311749,-75.837418,37.87,28,13.87,1
263,Brentford,2654787,51.486191,-0.3083,50.88,62,9.17,90
264,Shahganj,1256735,26.049999,82.683327,75.17,38,6.96,0
265,Kamysh-Zarya,706914,47.327549,36.692982,35.52,97,7.96,56
266,Vorontsovka,471909,50.613201000000004,40.3549,36.51,94,8.08,92
267,Eloyes,3020275,48.097931,6.60653,42.8,93,3.36,90
268,Quartz Hill,5385393,34.64526,-118.21813200000001,59.16,22,12.75,1
269,Springville,4091542,33.775101,-86.471649,62.6,63,6.93,75
270,Karapinar,309415,37.715961,33.55064,52.58,49,8.63,20
271,Trittau,2821085,53.616668999999995,10.4,44.6,52,9.17,0
272,Balatonfured,3055566,46.96188,17.87187,42.8,86,6.93,75
273,Palazuelos de Eresma,3114535,40.93055,-4.06071,62.51,34,11.41,0
274,Kanzaki,1860095,33.299999,130.366669,49.19,93,4.7,0
275,Turkheim,2820752,48.066669,10.63333,41.27,56,5.82,64
276,Jaruco,3556351,23.04306,-82.010834,79.63,54,14.99,40
277,Peoria,4905687,40.693649,-89.588989,41.49,86,6.93,90
278,Muniz Freire,3456530,-20.464170000000003,-41.413059000000004,74.9,67,3.94,80
279,Trementines,2971861,47.123569,-0.785,53.6,87,12.75,75
280,Richland Hills,4722668,32.81596,-97.228073,63.45,93,3.36,90
281,Marietta,5199879,40.057041,-76.552193,42.13,52,6.93,75
282,Hayrat,745693,40.888439,40.369862,57.2,62,13.87,0
283,Krasni Okny,860012,47.540440000000004,29.460010999999998,31.16,93,4.5,36
284,Sejenane,2467368,37.05722,9.23806,56.25,67,19.46,40
285,Ete,2343073,7.05,7.45,79.94,77,9.19,32
286,Ostrowy nad Oksza,3089681,50.977989,19.053551000000002,32.0,90,3.36,75
287,Commerce,4682762,33.247059,-95.899971,64.76,100,3.36,90
288,Andrijasevci,3204817,45.22472,18.73806,37.4,93,8.05,0
289,Butazon,1722228,11.3072,124.461998,79.17,100,14.56,88
290,Klyuchevsk,1503169,57.121601,60.941399,23.0,92,4.47,0
291,Evangelista,1713702,13.3335,121.09719799999999,69.54,100,2.48,76
292,Pottsville,5207080,40.68565,-76.195503,42.51,52,6.93,75
293,Strunga,665914,47.166672,26.98333,41.0,93,3.36,40
294,Temryuk,483661,45.272221,37.381111,48.2,100,6.71,75
295,Hope Valley,2069646,-34.833328,138.699997,68.0,82,12.75,75
296,Wareham,2634776,50.688862,-2.1104,48.52,61,13.87,40
297,Novokubansk,518682,45.117001,41.026699,48.26,89,8.97,0
298,Nizamabad,1261258,18.66667,78.11666899999999,73.28,40,6.96,0
299,Pionerskiy,509437,54.950829000000006,20.22748,32.0,100,11.18,0
300,Taissy,2973524,49.215092,4.09406,50.0,93,9.17,88
301,West Athens,5407841,33.923351000000004,-118.30341299999999,68.32,17,8.05,1
302,Kaimganj,1268616,27.566669,79.349998,71.97,49,2.71,0
303,Le Luc,3003650,43.393181,6.3147400000000005,54.72,54,16.11,8
304,Lakeway,4705041,30.363770000000002,-97.979591,77.9,65,9.17,90
305,Los Reyes,3997220,19.73333,-100.26666999999999,73.59,29,3.6,12
306,Yacopi,3665813,5.45948,-74.338226,74.76,91,2.71,48
307,Nottuln,2861733,51.933331,7.35,44.6,75,3.36,75
308,Belgern,2951258,51.48333,13.133329999999999,40.44,64,6.93,75
309,Venosa,3164592,40.961319,15.814860000000001,42.08,69,8.05,75
310,Canoinhas,3467452,-26.177219,-50.389998999999996,66.08,99,5.84,92
311,Ladik,741892,40.910561,35.891940999999996,51.8,62,13.87,0
312,Charles Town,4801850,39.288990000000005,-77.859718,39.65,75,9.17,90
313,Nossen,2861788,51.049999,13.3,41.36,64,5.82,0
314,Skutec,3065921,49.843472,15.99655,38.35,88,3.36,40
315,Malterdingen,2874028,48.166672,7.8,45.81,81,10.29,90
316,Betera,2520968,39.583328,-0.45,68.0,40,3.36,0
317,Westford,4955219,42.579262,-71.437843,45.64,24,6.93,1
318,Bujoru,683342,43.716671000000005,25.566669,42.8,100,3.36,32
319,Fortuna,3623716,10.470889999999999,-84.645348,86.01,43,5.73,0
320,Mont Albert North,7932630,-37.80043,145.108276,65.57,37,24.16,0
321,Kurayyimah,248414,32.27639,35.59938,69.8,35,2.59,36
322,Warlingham,2634759,51.309422,-0.05609,50.97,66,12.75,40
323,Ar Ramtha,250336,32.55917,36.006939,69.8,35,2.48,24
324,Malmkoping,2692972,59.133331000000005,16.73333,27.81,36,2.24,0
325,Grandview Heights,4513057,39.97979,-83.040741,50.2,93,12.75,90
326,Okawara,2111461,38.049999,140.73361200000002,43.71,96,3.04,8
327,Edgemont Park,4991823,42.7467,-84.59359,51.4,87,10.29,90
328,Lawson,4394716,39.438339,-94.204109,43.25,81,12.75,75
329,Pymble,2152361,-33.75,151.149994,60.67,77,6.93,40
330,Halmagiu,676356,46.26667,22.58333,34.94,100,2.37,92
331,Tobolsk,1489530,58.200001,68.26666999999999,21.57,86,5.17,76
332,Senirkent,301172,38.104439,30.548610999999998,55.4,37,10.29,75
333,Bridgeton,4378391,38.766998,-90.411507,53.33,87,12.75,90
334,Short Hills,5104630,40.747879,-74.32543199999999,43.21,41,4.7,1
335,Kyle,4703811,29.99835,-97.87152900000001,78.55,61,17.22,90
336,Lynnwood,5802049,47.82093,-122.315132,48.43,93,20.8,90
337,Ratoath,2961872,53.50806,-6.4625,44.6,70,6.93,75
338,Diveyevo,566165,55.043289,43.241779,27.29,89,11.1,92
339,Waterloo,4266643,39.56255,-86.197487,53.6,93,12.75,90
340,Herne,2795956,50.724232,4.03481,46.69,93,6.93,75
341,Nicoresti,672246,45.932232,27.308660999999997,36.83,93,4.27,92
342,Paulton,2640559,51.304722,-2.50028,46.47,87,14.99,75
343,Dewsbury,2651286,53.690762,-1.62907,47.48,76,10.29,75
344,Detroit,4990729,42.331429,-83.045753,49.12,100,5.82,90
345,Jomala,3041760,60.149021,19.951,24.8,62,3.36,0
346,Elburn,4890835,41.89225,-88.472298,46.58,87,8.05,90
347,Kepanjen,1640296,-8.1303,112.572701,77.96,100,4.72,80
348,Altopascio,3183147,43.815739,10.673910000000001,54.5,87,2.24,20
349,Verucchio,3164502,43.982658,12.42304,51.6,66,4.7,0
350,Udesti,664372,47.566669,26.41667,35.6,93,5.82,80
351,Ranchuelo,3542744,22.37722,-80.148888,77.09,64,18.34,75
352,Kulpin,3196959,45.400828999999995,19.586941,37.4,93,8.05,0
353,Prado,1692800,14.8814,120.517601,75.85,83,6.93,75
354,Garibaldi,3462557,-29.256109000000002,-51.533611,66.2,100,4.7,90
355,Hushitai,2036619,41.93222,123.51139099999999,53.6,66,4.47,0
356,Herrljunga,2706523,58.077389000000004,13.02662,27.48,58,6.93,20
357,Ilminster,2646265,50.926842,-2.9100900000000003,46.06,70,9.17,40
358,Deagon,2169237,-27.33333,153.066666,70.77,94,8.05,20
359,Dadunqiu,1814456,39.406109,117.03305800000001,69.8,60,6.71,0
360,Sorang,1519725,49.779999,72.850563,32.0,75,8.95,75
361,Bilgi,1275619,16.35,75.61666899999999,78.32,40,2.37,36
362,Machinda,2308626,1.8826200000000002,9.95133,84.2,83,6.93,40
363,Fobes Hill,5794675,47.94899,-122.11985,48.67,93,20.8,90
364,Atizapan,3532625,19.25,-99.550003,76.87,32,6.93,40
365,Tain,2636321,57.809029,-4.0599099999999995,45.23,75,17.22,40
366,Munera,2513421,39.042171,-2.48068,62.6,39,12.75,0
367,Park Forest Village,5205094,40.806728,-77.916946,34.34,80,6.93,90
368,Haisnes,3014060,50.507759,2.7941599999999998,48.74,93,12.75,90
369,Arpasu de Jos,686126,45.783328999999995,24.616671,37.4,86,10.29,75
370,Villefontaine,2968771,45.612499,5.145580000000001,46.8,87,6.93,90
371,Emod,721161,47.933331,20.816669,37.28,85,2.48,56
372,Duchcov,3076311,50.60376,13.746210000000001,38.32,81,4.7,0
373,Masaurhi Buzurg,1263427,25.35,85.033333,72.19,57,6.93,0
374,Coaraci,3466041,-14.64083,-39.551109000000004,84.2,74,11.41,20
375,Scheia,667706,47.650002,26.23333,35.6,93,5.82,80
376,Hettingen,2905215,48.216011,9.231689999999999,45.81,61,10.29,75
377,Jamestown,4515427,39.658119,-83.73491700000001,52.32,100,11.41,90
378,Rockcreek,5749017,45.550121000000004,-122.877052,48.2,93,4.7,90
379,La Libertad,3655131,-2.23333,-80.900002,82.4,74,6.93,75
380,Balezino,579432,57.97963000000001,53.010571,19.32,88,8.41,92
381,Tha Muang,1150246,13.961179999999999,99.64121999999999,72.74,97,2.93,56
382,Rosny-sur-Seine,2982756,48.998081,1.6313,51.58,76,10.29,90
383,Romille,2982977,48.216190000000005,-1.8922900000000002,50.77,76,8.05,90
384,Del Pilar,1958738,7.563060000000001,125.826668,75.2,78,4.7,75
385,Folignano,3176855,42.820251,13.63429,51.8,76,2.24,0
386,Doberlug-Kirchhain,2936631,51.616669,13.566670000000002,39.2,64,6.93,75
387,Northeim,2861814,51.700001,10.0,42.8,81,11.41,75
388,Sanger,4726957,33.363171,-97.173897,63.5,100,3.36,90
389,Albion,4917523,41.395599,-85.424423,52.7,100,6.93,90
390,Buena Vista,5415306,38.842220000000005,-106.131126,27.59,51,5.82,90
391,Pedernales,3653307,0.08333,-80.050003,80.21,80,5.73,68
392,Rioja,3692863,-6.05861,-77.165001,66.26,100,2.93,88
393,Fort Dodge,4857486,42.497471000000004,-94.168022,36.5,80,8.05,90
394,Seloncourt,2975204,47.459888,6.85535,40.98,81,3.36,90
395,Owosso,5004792,42.997799,-84.176643,50.67,87,10.29,90
396,Rodersheim-Gronau,3272457,49.43,8.261389999999999,45.1,66,6.93,75
397,Al Birah,285108,31.907209,35.220612,66.96,68,4.7,0
398,Dinkelsbuhl,2936886,49.06942,10.31985,44.62,56,6.93,75
399,Pula,3192224,44.868328000000005,13.84806,45.32,75,5.82,0
400,Carroll,4850478,42.065819,-94.866928,38.84,86,4.7,90
401,Jones Creek,4701510,28.96858,-95.455223,76.28,78,16.11,90
402,Chiria,1274098,22.299999,85.26666999999999,65.49,67,2.04,0
403,Casper,5820705,42.866631,-106.31308,42.8,35,23.04,1
404,Furiani,3016890,42.658138,9.41469,53.74,76,4.7,0
405,Le Grand-Quevilly,3003952,49.400760999999996,1.04582,48.81,87,14.99,90
406,Arroio do Meio,3471428,-29.40111,-51.945,73.1,83,4.38,92
407,Amasra,752016,41.74633,32.38633,49.52,96,0.58,36
408,Ramanayyapeta,7302846,16.94516,82.23850300000001,80.07,83,11.99,32
409,Al Kiswah,173598,33.357201,36.242779,69.8,30,9.17,0
410,Tall Kalakh,163533,34.668419,36.259949,57.62,92,2.93,8
411,Cochabamba,3919968,-17.3895,-66.15679899999999,77.0,38,3.36,20
412,Chino Valley,5289658,34.757519,-112.453781,51.21,24,4.7,40
413,Spezzano Piccolo,2523022,39.290690999999995,16.341801,44.04,100,6.93,90
414,Asubulaq,1526055,49.558331,83.055832,32.0,87,2.24,40
415,Gonba,1506418,53.417198,83.574699,26.6,86,6.71,0
416,Pedro Meoqui,3996234,28.283331,-105.48333000000001,71.6,23,20.8,90
417,Grande Cache,5964304,53.88335,-119.135849,32.78,60,7.74,68
418,Queniborough,2639779,52.705909999999996,-1.04749,48.2,66,8.05,75
419,Zhabinka,618913,52.198399,24.011499,36.02,74,9.42,64
420,Friedrichstadt,2924477,54.375659999999996,9.08672,37.94,86,9.17,75
421,Wendell,4498084,35.780991,-78.36972,43.02,81,4.7,90
422,Meiganga,2227402,6.5166699999999995,14.3,76.79,59,2.26,12
423,Phitsanulok,1607708,16.82481,100.258583,78.09,79,6.96,92
424,Dinagat,1714795,9.95611,125.59333000000001,78.5,97,11.99,36
425,Banga,1727400,6.42389,124.778328,69.72,98,2.82,8
426,Bela Crkva,792794,44.897498999999996,21.417219,42.8,81,1.12,75
427,Buhi,1723166,13.4322,123.516998,74.31,90,6.62,56
428,Resolven,2639482,51.711929,-3.69745,46.49,93,12.75,90
429,Gallargues-le-Montueux,3015119,43.716671000000005,4.16667,54.91,76,2.24,0
430,Mira,2737651,40.428921,-8.73746,56.34,76,13.87,0
431,Buerarema,3468858,-14.959439999999999,-39.299721000000005,84.2,74,11.41,20
432,Kenmar,5195982,41.253409999999995,-76.959412,39.2,55,3.36,90
433,Duingen,2934697,52.004490000000004,9.695780000000001,45.95,69,9.17,75
434,Taytayan,1682594,10.8787,123.977097,77.0,78,1.12,90
435,Schaftlarn,2840634,47.988892,11.44338,40.69,56,5.82,36
436,Mouchamps,2991575,46.781310999999995,-1.06179,53.6,87,13.87,90
437,Wani,1252960,20.066669,78.949997,71.84,68,2.48,0
438,Taoudenni,2450173,22.678329,-3.9836099999999997,79.22,10,14.34,68
439,Stryi,692372,49.262229999999995,23.856091,37.4,93,8.95,90
440,Hedge End,6620360,50.912338,-1.3007600000000001,49.1,66,10.29,20
441,Bellevue,5146978,41.273659,-82.841583,49.28,93,11.41,90
442,Partapur,1260232,23.6,74.16667199999999,72.92,34,4.94,0
443,Perkins,4547849,35.973942,-97.033638,47.3,93,9.17,90
444,Lokhvytsya,702874,50.36776,33.260239,31.61,85,5.17,12
445,Vila-seca,3105803,41.116669,1.15,66.2,45,13.87,20
446,Tarragona,3108288,41.116669,1.25,66.2,45,13.87,20
447,Encsencs,721158,47.73333,22.116671,41.86,81,9.17,32
448,Obroshyne,698790,49.783328999999995,23.866671,37.4,88,8.95,90
449,Waldkirch,2658067,47.46859,9.28605,44.55,94,4.7,75
450,Lianran,1803886,24.922710000000002,102.484962,50.0,93,4.47,90
451,Chopinzinho,3466196,-25.855829,-52.523331000000006,67.47,100,1.36,92
452,Havre de Grace,4357617,39.549278,-76.09162099999999,43.59,41,5.82,1
453,Ninoy,1697663,15.8596,120.247803,73.64,100,1.81,68
454,Sao Joao do Paraiso,3448861,-15.31361,-42.014439,79.94,62,8.75,48
455,Shakhunya,496012,57.675789,46.611359,20.49,76,4.16,88
456,Reconvilier,2659085,47.23431,7.222389999999999,40.64,93,11.41,75
457,Hohen Neuendorf,2901588,52.666672,13.28333,38.25,60,6.93,0
458,McFarland,5371530,35.678009,-119.229271,62.6,36,3.94,1
459,Certosa di Pavia,3179020,45.2542,9.1329,55.74,47,3.36,0
460,Daru,2409663,7.99194,-10.84056,91.28,48,4.94,20
461,Panaba,3521972,21.283331,-88.26666999999999,87.05,50,12.55,0
462,Hammel,2620835,56.257622,9.86316,33.8,86,14.99,76
463,Papanasam,1260417,10.93333,79.283333,84.2,70,3.36,20
464,Vacszentlaszlo,3043278,47.574001,19.53771,44.6,56,6.93,0
465,Actlzayanca de Hidalgo,3533393,19.433331,-97.783333,73.4,33,11.41,5
466,Cammeray,2207822,-33.822497999999996,151.21583600000002,60.55,77,6.93,40
467,Bro,2719245,59.51667,17.633329,27.19,58,4.7,0
468,Banisilan,1727161,7.49083,124.724167,71.66,87,1.14,8
469,Sochtenau,2831731,47.931179,12.22959,40.98,70,4.7,0
470,Rindge,5091744,42.751202,-72.009804,46.99,26,6.93,1
471,Varna,3164691,46.73822,11.638580000000001,40.95,60,8.05,75
472,Rouissat,2482886,31.924271,5.35018,66.2,19,6.93,0
473,Pietrosani,670821,43.716671000000005,25.633329,42.8,100,3.36,32
474,Entroncamento,2268575,39.466671000000005,-8.46667,57.2,76,11.41,0
475,Popesti-Leordeni,669870,44.383331,26.16667,40.98,93,2.24,90
476,Larkana,1172128,27.55508,68.21414200000001,78.8,54,6.93,0
477,Warden,5815020,46.96764,-119.039726,56.35,47,11.41,1
478,Kawasaki,1859647,33.583328,130.833328,49.3,76,3.36,0
479,Grape Creek,5522392,31.579321000000004,-100.5476,66.2,72,10.29,75
480,Laboulaye,3852468,-34.126621,-63.39119,78.27,40,13.44,0
481,Hosenfeld,2898483,50.50502,9.47966,44.6,81,4.7,90
482,Iraucuba,3398028,-3.74611,-39.783328999999995,81.24,86,5.73,80
483,Sambuluan,1690607,6.88333,124.699997,69.72,98,2.82,8
484,Hoxie,4115508,36.05035,-90.975121,67.3,88,19.46,90
485,Hambach,3014026,49.06263,7.04246,42.24,93,11.41,75
486,Wilmington Island,4231354,32.003551,-80.97371700000001,61.99,67,5.82,90
487,Brant,5907983,43.1334,-80.34966999999999,38.61,100,12.75,90
488,Ambleve,2803242,50.353569,6.17002,41.79,100,11.41,90
489,Tarso,3667380,5.864669999999999,-75.821922,76.86,45,13.87,20
490,Zhytomyr,686967,50.26487,28.676689,33.23,92,9.31,32
491,Waterbury,4845193,41.558151,-73.051498,45.39,21,2.15,20
492,Numaran,3994581,20.25,-101.933327,80.39,25,4.61,0
493,Al Jahra,285799,29.3375,47.658058000000004,77.0,29,5.82,0
494,Cumberland,4352681,39.65287,-78.76252,34.41,93,5.82,90
495,Casay,1709159,9.8204,123.549599,78.36,99,10.42,48
496,Bancal,1727471,11.5591,123.155098,75.89,93,6.51,32
497,Remuna,1258229,21.52611,86.87222299999999,78.05,89,9.98,0
498,Cornuda,3178039,45.823059,12.01639,45.45,81,9.17,75
499,Utran,1253640,21.23333,72.86666899999999,82.32,91,11.43,24
